{"cameraMode":{"drawMode":0,"name":"Shaded","section":"Shading Mode"},"sceneLighting":true,"audioPlay":false,"sceneViewState":{"showFog":true,"showMaterialUpdate":false,"showSkybox":true,"showFlares":true,"showImageEffects":true,"showParticleSystems":true},"in2DMode":false,"pivot":{"x":-53.140830993652347,"y":-0.09320831298828125,"z":-0.6265337467193604},"rotation":{"x":0.1705317199230194,"y":0.6253262162208557,"z":-0.14221642911434174,"w":0.7487373948097229},"size":49.84814453125,"orthographic":false}