{"cameraMode":{"drawMode":0,"name":"Shaded","section":"Shading Mode"},"sceneLighting":true,"audioPlay":false,"sceneViewState":{"showFog":true,"showMaterialUpdate":false,"showSkybox":true,"showFlares":true,"showImageEffects":true,"showParticleSystems":true},"in2DMode":false,"pivot":{"x":-0.8453030586242676,"y":0.7620316743850708,"z":-2.8862974643707277},"rotation":{"x":-0.032326590269804,"y":0.9674392342567444,"z":-0.18897122144699098,"w":-0.1655932366847992},"size":23.831253051757814,"orthographic":false}
