{"cameraMode":{"drawMode":0,"name":"Shaded","section":"Shading Mode"},"sceneLighting":false,"audioPlay":false,"sceneViewState":{"showFog":true,"showMaterialUpdate":false,"showSkybox":true,"showFlares":true,"showImageEffects":true,"showParticleSystems":true},"in2DMode":false,"pivot":{"x":-28.987144470214845,"y":0.6049635410308838,"z":-9.738197326660157},"rotation":{"x":-0.13314436376094819,"y":-0.7987865805625916,"z":0.1903424859046936,"w":-0.555854082107544},"size":2.4917943477630617,"orthographic":false}