{"cameraMode":{"drawMode":0,"name":"Shaded","section":"Shading Mode"},"sceneLighting":true,"audioPlay":false,"sceneViewState":{"showFog":true,"showMaterialUpdate":false,"showSkybox":true,"showFlares":true,"showImageEffects":true,"showParticleSystems":true},"in2DMode":false,"pivot":{"x":-111.43742370605469,"y":17.147228240966798,"z":-12.180557250976563},"rotation":{"x":-0.16864562034606934,"y":0.3185795843601227,"z":-0.05677895247936249,"w":-0.9315656423568726},"size":73.96101379394531,"orthographic":false}