{"cameraMode":{"drawMode":0,"name":"Shaded","section":"Shading Mode"},"sceneLighting":false,"audioPlay":false,"sceneViewState":{"showFog":true,"showMaterialUpdate":false,"showSkybox":true,"showFlares":true,"showImageEffects":true,"showParticleSystems":true},"in2DMode":false,"pivot":{"x":-29.1436767578125,"y":0.0586087703704834,"z":-7.847752571105957},"rotation":{"x":-0.1259179711341858,"y":0.4427890181541443,"z":-0.06325160712003708,"w":-0.8860523700714111},"size":5.066555500030518,"orthographic":false}