{"cameraMode":{"drawMode":0,"name":"Shaded","section":"Shading Mode"},"sceneLighting":true,"audioPlay":false,"sceneViewState":{"showFog":true,"showMaterialUpdate":false,"showSkybox":true,"showFlares":true,"showImageEffects":true,"showParticleSystems":true},"in2DMode":false,"pivot":{"x":141.04847717285157,"y":-34.06245040893555,"z":111.6140365600586},"rotation":{"x":-0.20022732019424439,"y":-0.38451510667800906,"z":0.08550944924354553,"w":-0.8979180455207825},"size":136.8695526123047,"orthographic":false}