{"cameraMode":{"drawMode":0,"name":"Shaded","section":"Shading Mode"},"sceneLighting":false,"audioPlay":false,"sceneViewState":{"showFog":true,"showMaterialUpdate":false,"showSkybox":true,"showFlares":true,"showImageEffects":true,"showParticleSystems":true},"in2DMode":false,"pivot":{"x":-28.53754997253418,"y":0.5704451203346252,"z":-9.467697143554688},"rotation":{"x":-0.13314436376094819,"y":-0.7987865805625916,"z":0.1903424859046936,"w":-0.555854082107544},"size":2.7108333110809328,"orthographic":false}