{"cameraMode":{"drawMode":0,"name":"Shaded","section":"Shading Mode"},"sceneLighting":false,"audioPlay":false,"sceneViewState":{"showFog":true,"showMaterialUpdate":false,"showSkybox":true,"showFlares":true,"showImageEffects":true,"showParticleSystems":true},"in2DMode":false,"pivot":{"x":-39.650001525878909,"y":5.246399879455566,"z":2.4700000286102297},"rotation":{"x":-0.13314436376094819,"y":-0.7987865805625916,"z":0.1903424859046936,"w":-0.555854082107544},"size":10.365863800048829,"orthographic":false}