{"cameraMode":{"drawMode":0,"name":"Shaded","section":"Shading Mode"},"sceneLighting":true,"audioPlay":false,"sceneViewState":{"showFog":true,"showMaterialUpdate":false,"showSkybox":true,"showFlares":true,"showImageEffects":true,"showParticleSystems":true},"in2DMode":false,"pivot":{"x":80.04397583007813,"y":37.39863586425781,"z":42.43268966674805},"rotation":{"x":-0.6427797675132752,"y":-0.04762488231062889,"z":0.043835464864969257,"w":-0.7644917368888855},"size":9.133955001831055,"orthographic":false}