{"cameraMode":{"drawMode":0,"name":"Shaded","section":"Shading Mode"},"sceneLighting":true,"audioPlay":false,"sceneViewState":{"showFog":true,"showMaterialUpdate":false,"showSkybox":true,"showFlares":true,"showImageEffects":true,"showParticleSystems":true},"in2DMode":false,"pivot":{"x":70.57218933105469,"y":23.81546974182129,"z":87.80481719970703},"rotation":{"x":0.3031502664089203,"y":0.017493892461061479,"z":-0.0047775087878108028,"w":0.9535108208656311},"size":24.399995803833009,"orthographic":false}